costumer_id,costumer_first_name,costumer_last_name,costumer_number,costumer_address,costumer_type
1,John,Doe,123456789,"123 Main St",Regular
2,Jane,Smith,987654321,"456 Elm St",VIP
3,Michael,Johnson,555555555,"789 Oak St",Regular
4,Emily,Brown,111111111,"789 Pine St",Regular
5,David,Wilson,222222222,"321 Maple St",VIP
6,Sarah,Taylor,333333333,"567 Cedar St",Regular
7,Andrew,Anderson,444444444,"890 Walnut St",VIP
8,Olivia,Martinez,555555555,"432 Birch St",Regular
9,James,Lee,666666666,"765 Oak St",VIP
10,Sophia,Harris,777777777,"987 Pine St",Regular
11,Daniel,Garcia,888888888,"654 Elm St",Regular
12,Isabella,Lopez,999999999,"321 Oak St",VIP
13,Alexander,Clark,1010101010,"876 Maple St",Regular
14,Mia,Lewis,1111122111,"543 Pine St",VIP
15,William,Walker,1212121212,"987 Cedar St",Regular
16,Sophia,Young,1313131313,"234 Walnut St",VIP
17,Joseph,Hall,1414141414,"678 Birch St",Regular
18,Ava,Wright,1515151515,"123 Oak St",VIP
19,Michael,Hill,1616161616,"456 Elm St",Regular
20,Emily,Green,1717171717,"789 Maple St",VIP
21,Noah,Baker,1818181818,"432 Pine St",Regular
22,Emma,Roberts,1919191919,"765 Cedar St",VIP
23,Liam,Reed,2020202020,"654 Walnut St",Regular
24,Olivia,Phillips,2121212121,"987 Birch St",VIP
25,Benjamin,Campbell,228212121,"321 Oak St",Regular
26,Ava,Parker,23223233,"876 Elm St",VIP
27,Elijah,Evans,242442424,"543 Maple St",Regular
28,Charlotte,Turner,25522525,"234 Pine St",VIP
29,Lucas,Carter,262662626,"678 Cedar St",Regular
30,Amelia,Cooper,272722727,"123 Walnut St",VIP
31,Henry,Gonzalez,282282828,"456 Oak St",Regular
32,Harper,Hill,292929229,"789 Elm St",VIP
33,Daniel,Flores,303003030,"321 Maple St",Regular
34,Evelyn,Ward,313311331,"876 Pine St",VIP
35,Matthew,Turner,323233232,"543 Cedar St",Regular
36,Victoria,Cook,333553333,"234 Walnut St",VIP
37,Jackson,Murphy,343343434,"678 Birch St",Regular
38,Luna,Price,353533535,"123 Oak St",VIP
39,Sebastian,Bennett,363633636,"456 Elm St",Regular
40,Scarlett,Wood,373733737,"789 Maple St",VIP
41,Aiden,Rossi,383833838,"432 Pine St",Regular
42,Zoe,Griffin,393933939,"765 Cedar St",VIP
43,Carter,Hayes,404044040,"654 Walnut St",Regular
44,Layla,Gomez,414141141,"987 Birch St",VIP
45,Wyatt,Wallace,424424242,"321 Oak St",Regular
46,Nora,Morgan,434343443,"876 Elm St",VIP
47,Grayson,Baker,444644444,"543 Maple St",Regular
48,Hazel,Sullivan,455454545,"234 Pine St",VIP
49,Luke,Wright,464664646,"678 Cedar St",Regular
50,Stella,Butler,474774747,"123 Walnut St",VIP
51,Gabriel,Ford,488484848,"432 Pine St",Regular
52,Paisley,Hamilton,499494949,"765 Cedar St",VIP
53,Julian,Graham,505055050,"654 Walnut St",Regular
54,Bella,Sullivan,515115151,"987 Birch St",VIP
55,Jack,Morgan,525255252,"321 Oak St",Regular
56,Violet,Baker,535355353,"876 Elm St",VIP
57,Ryan,Sullivan,545445454,"543 Maple St",Regular
58,Aria,Wright,555555555,"234 Pine St",VIP
59,Jonathan,Butler,565565656,"678 Cedar St",Regular
60,Ariana,Ford,575775757,"123 Walnut St",VIP
61,Isaac,Hamilton,585858858,"432 Pine St",Regular
62,Eleanor,Graham,595959959,"765 Cedar St",VIP
63,Nathan,Ford,606066060,"654 Walnut St",Regular
64,Hannah,Sullivan,616116161,"987 Birch St",VIP
65,Dylan,Morgan,626266262,"321 Oak St",Regular
66,Zara,Baker,636363363,"876 Elm St",VIP
67,Christopher,Sullivan,646466464,"543 Maple St",VIP
68,Emily,Wright,656656565,"234 Pine St",Regular
69,Owen,Butler,666666666,"678 Cedar St",VIP
70,Penelope,Ford,676776767,"123 Walnut St",Regular
71,Levi,Hamilton,686886868,"432 Pine St",VIP
72,Sofia,Graham,696966969,"765 Cedar St",Regular
73,Henry,Ford,707070070,"654 Walnut St",VIP
74,Avery,Sullivan,717717171,"987 Birch St",Regular
75,Mila,Morgan,727277272,"321 Oak St",VIP
76,Eli,Baker,737337373,"876 Elm St",Regular
77,Scarlett,Sullivan,747474474,"543 Maple St",VIP
78,Leo,Wright,757577575,"234 Pine St",Regular
79,Lily,Butler,767667676,"678 Cedar St",VIP
80,Landon,Ford,777777777,"123 Walnut St",Regular
81,Grace,Hamilton,787787878,"432 Pine St",VIP
82,Mateo,Graham,797797979,"765 Cedar St",Regular
83,Chloe,Ford,808088080,"654 Walnut St",VIP
84,Jaxon,Sullivan,818118181,"987 Birch St",Regular
85,Aubrey,Morgan,828288282,"321 Oak St",VIP
86,Zachary,Baker,838388383,"876 Elm St",Regular
87,Natalie,Sullivan,848848484,"543 Maple St",VIP
88,Isaiah,Wright,858588585,"234 Pine St",Regular
89,Audrey,Butler,868686686,"678 Cedar St",VIP
90,Josiah,Ford,878787787,"123 Walnut St",Regular
91,Aaliyah,Hamilton,888888888,"432 Pine St",VIP
92,Brooklyn,Graham,898989898,"765 Cedar St",Regular
93,Joshua,Ford,909090909,"654 Walnut St",VIP
94,Savannah,Sullivan,919191919,"987 Birch St",Regular
95,Dominic,Morgan,929292929,"321 Oak St",VIP
96,Claire,Baker,939393939,"876 Elm St",Regular
97,Camila,Sullivan,949494949,"543 Maple St",VIP
98,Aaron,Wright,959595959,"234 Pine St",Regular
99,Skylar,Butler,969696969,"678 Cedar St",VIP
100,Nevaeh,Ford,979797979,"123 Walnut St",Regular
101,Arash,Nasr,9213169654,"aryashahr 122",Regular
